//tmp/SRR606249_subset10_trim2_merge_scaled10000.k21_31_51.fq.gz,//tmp/SRR606249_subset10_trim30_merge_scaled10000.k21_31_51.fq.gz,//tmp/SRR606249_subset10_trim2.megahit.contigs.fa,//tmp/SRR606249_subset10_trim2.metaspades.contigs.fa,//tmp/SRR606249_subset10_trim30.megahit.contigs.fa,//tmp/SRR606249_subset10_trim30.metaspades.contigs.fa
1.0,0.8674780349390161,0.6053420128125646,0.6805803913554386,0.554873289275121,0.6369679480573018
0.8674780349390161,0.9999997893683182,0.6944925742574257,0.7604436674905057,0.6662425244942105,0.7574486730095142
0.6053420128125646,0.6944925742574257,1.0,0.8129134509371555,0.874547356562324,0.8082722964239551
0.6805803913554386,0.7604436674905057,0.8129134509371555,1.0,0.7447724904480723,0.8933529659234329
0.554873289275121,0.6662425244942105,0.874547356562324,0.7447724904480723,1.0,0.8024644977083176
0.6369679480573018,0.7574486730095142,0.8082722964239551,0.8933529659234329,0.8024644977083176,1.0
