//tmp/SRR606249_subset10_trim2_merge_scaled10000.k21_31_51.fq.gz,//tmp/SRR606249_subset10_trim30_merge_scaled10000.k21_31_51.fq.gz,//tmp/SRR606249_subset10_trim2.megahit.contigs.fa,//tmp/SRR606249_subset10_trim2.metaspades.contigs.fa,//tmp/SRR606249_subset10_trim30.megahit.contigs.fa,//tmp/SRR606249_subset10_trim30.metaspades.contigs.fa
0.9999997211586947,0.9140729966449871,0.6135957953193177,0.7103933419201427,0.5547785547785548,0.6589162659263299
0.9140729966449871,0.999999696732631,0.712384732111591,0.8133032302882945,0.6590627763041557,0.7823525946869294
0.6135957953193177,0.712384732111591,1.0,0.8184475258292551,0.8856274494121411,0.8188190314358539
0.7103933419201427,0.8133032302882945,0.8184475258292551,1.0,0.7519363904311468,0.9077559462254395
0.5547785547785548,0.6590627763041557,0.8856274494121411,0.7519363904311468,1.0,0.8036227081952728
0.6589162659263299,0.7823525946869294,0.8188190314358539,0.9077559462254395,0.8036227081952728,1.0
