//tmp/SRR606249_subset10_1_reads_trim2_merge_scaled10000.k21_31_51.fq.gz,//tmp/SRR606249_subset10_1_reads_trim30_merge_scaled10000.k21_31_51.fq.gz,//tmp/SRR606249_subset10_1_reads_trim2.megahit.contigs.fa,//tmp/SRR606249_subset10_1_reads_trim2.metaspades.contigs.fa,//tmp/SRR606249_subset10_1_reads_trim30.megahit.contigs.fa,//tmp/SRR606249_subset10_1_reads_trim30.metaspades.contigs.fa
0.9999997211586947,0.9140729966449871,0.6139428798095994,0.7103933419201427,0.5548281505728314,0.6589162659263299
0.9140729966449871,0.999999696732631,0.7127932765262052,0.8133032302882945,0.6591217211906867,0.7823525946869294
0.6139428798095994,0.7127932765262052,1.0,0.8186760907978796,0.8853625389719402,0.8190570579074048
0.7103933419201427,0.8133032302882945,0.8186760907978796,1.0,0.7521250342747464,0.9077559462254395
0.5548281505728314,0.6591217211906867,0.8853625389719402,0.7521250342747464,1.0,0.8036963404756645
0.6589162659263299,0.7823525946869294,0.8190570579074048,0.9077559462254395,0.8036963404756645,1.0
