//tmp/SRR606249_subset10_1_reads_trim2_merge_scaled10000.k21_31_51.fq.gz,//tmp/SRR606249_subset10_1_reads_trim30_merge_scaled10000.k21_31_51.fq.gz
0.9999997859776507,0.9041535946624757
0.9041535946624757,1.0
