//tmp/SRR606249_subset10_1_reads_trim2.megahit.contigs.fa,//tmp/SRR606249_subset10_1_reads_trim2.metaspades.contigs.fa,//tmp/SRR606249_subset10_1_reads_trim30.megahit.contigs.fa,//tmp/SRR606249_subset10_1_reads_trim30.metaspades.contigs.fa
1.0,0.8186760907978796,0.8853625389719402,0.8190570579074048
0.8186760907978796,1.0,0.7521250342747464,0.9077559462254395
0.8853625389719402,0.7521250342747464,1.0,0.8036963404756645
0.8190570579074048,0.9077559462254395,0.8036963404756645,1.0
