//tmp/SRR606249_subset10_1_reads_trim2_merge_scaled10000.k21_31_51.fq.gz,//tmp/SRR606249_subset10_1_reads_trim30_merge_scaled10000.k21_31_51.fq.gz,//tmp/SRR606249_subset10_1_reads_trim2.megahit.contigs.fa,//tmp/SRR606249_subset10_1_reads_trim2.metaspades.contigs.fa,//tmp/SRR606249_subset10_1_reads_trim30.megahit.contigs.fa,//tmp/SRR606249_subset10_1_reads_trim30.metaspades.contigs.fa
1.0,0.8674780349390161,0.6056425360409239,0.6805803913554386,0.5549773637924754,0.6369679480573018
0.8674780349390161,0.9999997893683182,0.694659322977907,0.7604436674905057,0.6663697671459473,0.7574486730095142
0.6056425360409239,0.694659322977907,1.0,0.8131072979119289,0.8749396426846934,0.8086038494685435
0.6805803913554386,0.7604436674905057,0.8131072979119289,1.0,0.7447902195054181,0.8933529659234329
0.5549773637924754,0.6663697671459473,0.8749396426846934,0.7447902195054181,1.0,0.8024793388429752
0.6369679480573018,0.7574486730095142,0.8086038494685435,0.8933529659234329,0.8024793388429752,1.0
