//tmp/SRR606249_subset10_1_reads_trim2_merge_scaled10000.k21_31_51.fq.gz,//tmp/SRR606249_subset10_1_reads_trim30_merge_scaled10000.k21_31_51.fq.gz
1.0,0.8674780349390161
0.8674780349390161,0.9999997893683182
