//tmp/SRR606249_subset10_1_reads_trim2.megahit.contigs.fa,//tmp/SRR606249_subset10_1_reads_trim2.metaspades.contigs.fa,//tmp/SRR606249_subset10_1_reads_trim30.megahit.contigs.fa,//tmp/SRR606249_subset10_1_reads_trim30.metaspades.contigs.fa
1.0,0.8101877040261154,0.8852102464958918,0.8118677874341074
0.8101877040261154,1.0,0.7454769736842105,0.8969513036280866
0.8852102464958918,0.7454769736842105,1.0,0.8040555596820916
0.8118677874341074,0.8969513036280866,0.8040555596820916,1.0
