//tmp/SRR606249_subset10_1_reads_trim2_merge_scaled10000.k21_31_51.fq.gz,//tmp/SRR606249_subset10_1_reads_trim30_merge_scaled10000.k21_31_51.fq.gz,//tmp/SRR606249_subset10_1_reads_trim2.megahit.contigs.fa,//tmp/SRR606249_subset10_1_reads_trim2.metaspades.contigs.fa,//tmp/SRR606249_subset10_1_reads_trim30.megahit.contigs.fa,//tmp/SRR606249_subset10_1_reads_trim30.metaspades.contigs.fa
0.9999997859776507,0.9041535946624757,0.600304773140638,0.6991558696505693,0.5459736168537114,0.6436470877365446
0.9041535946624757,1.0,0.7027549824150059,0.8029899177193186,0.6568883610451306,0.7731311455988626
0.600304773140638,0.7027549824150059,1.0,0.8101877040261154,0.8852102464958918,0.8118677874341074
0.6991558696505693,0.8029899177193186,0.8101877040261154,1.0,0.7454769736842105,0.8969513036280866
0.5459736168537114,0.6568883610451306,0.8852102464958918,0.7454769736842105,1.0,0.8040555596820916
0.6436470877365446,0.7731311455988626,0.8118677874341074,0.8969513036280866,0.8040555596820916,1.0
