//tmp/SRR606249_subset10_1_reads_trim2.megahit.contigs.fa,//tmp/SRR606249_subset10_1_reads_trim2.metaspades.contigs.fa,//tmp/SRR606249_subset10_1_reads_trim30.megahit.contigs.fa,//tmp/SRR606249_subset10_1_reads_trim30.metaspades.contigs.fa
1.0,0.8131072979119289,0.8749396426846934,0.8086038494685435
0.8131072979119289,1.0,0.7447902195054181,0.8933529659234329
0.8749396426846934,0.7447902195054181,1.0,0.8024793388429752
0.8086038494685435,0.8933529659234329,0.8024793388429752,1.0
