//tmp/SRR606249_subset10_trim2_merge_scaled10000.k21_31_51.fq.gz,//tmp/SRR606249_subset10_trim30_merge_scaled10000.k21_31_51.fq.gz,//tmp/SRR606249_subset10_trim2.megahit.contigs.fa,//tmp/SRR606249_subset10_trim2.metaspades.contigs.fa,//tmp/SRR606249_subset10_trim30.megahit.contigs.fa,//tmp/SRR606249_subset10_trim30.metaspades.contigs.fa
0.9999997859776507,0.9041535946624757,0.6004030870569729,0.6991215586200128,0.5460228391415634,0.6435979356107152
0.9041535946624757,1.0,0.7028722157092614,0.8029433918535257,0.6569477434679335,0.7730719109110294
0.6004030870569729,0.7028722157092614,1.0,0.8098993744900734,0.8854519091348477,0.8118099579742147
0.6991215586200128,0.8029433918535257,0.8098993744900734,1.0,0.745255224391915,0.8970821549286059
0.5460228391415634,0.6569477434679335,0.8854519091348477,0.745255224391915,1.0,0.8040555596820916
0.6435979356107152,0.7730719109110294,0.8118099579742147,0.8970821549286059,0.8040555596820916,1.0
